Workbook

Sheet Gridlock_Utilities_Resource_and
A1: Project ID | B1: Project Name | C1: In-Service Date | D1: Sponsor | E1: Lineworkers Needed | F1: Engineers Needed | G1: Technicians Needed | H1: Equipment Operators Needed | I1: Safety Personnel Needed | J1: Total Crew Needed | K1: Bucket Trucks Needed | L1: Digger Derricks Needed | M1: Mobile Cranes Needed | N1: Excavators Needed | O1: Poles/Structures Needed | P1: Conductor Needed (mi) | Q1: Transformers Needed | R1: Breakers/Switches Needed | S1: Reactors Needed | T1: Estimated Duration (days) | U1: Labor Cost ($) | V1: Equipment/Machinery Cost ($) | W1: Material Cost ($) | X1: Logistics Cost ($) | Y1: Engineering/Admin Cost ($) | Z1: External Contract Cost ($) | AA1: Total Project Cost ($)
A2: 18492 | B2: MITCHELL - NORTH TIFTON 230KV RECONDUCTOR | C2: 45778 | D2: GPC | E2: 22 | F2: 9 | G2: 6 | H2: 10 | I2: 4 | J2: 51 | K2: 8 | L2: 3 | M2: 3 | N2: 4 | O2: 72 | P2: 13.3 | Q2: 2 | R2: 3 | S2: 0 | T2: 233 | U2: 6666000 | V2: 4248000 | W2: 2415000 | X2: 476000 | Y2: 1092000 | Z2: 3323000 | AA2: =SUM(U2:Z2) -> 18220000
A3: 19187 | B3: GRID - BREMEN - CROOKED CREEK (APC) 115 KV PROJECT | C3: 45809 | D3: GPC | E3: 12 | F3: 3 | G3: 5 | H3: 3 | I3: 2 | J3: 25 | K3: 6 | L3: 2 | M3: 1 | N3: 3 | O3: 42 | P3: 9.4 | Q3: 2 | R3: 2 | S3: 0 | T3: 173 | U3: 2790000 | V3: 1827000 | W3: 1775000 | X3: 451000 | Y3: 569000 | Z3: 1031000 | AA3: =SUM(U3:Z3) -> 8443000
A4: 18153 | B4: GTC: BONAIRE PRI- ECHECONNEE 115 KV PARTIAL REBUILD | C4: 45809 | D4: GTC | E4: 18 | F4: 7 | G4: 8 | H4: 5 | I4: 3 | J4: 41 | K4: 3 | L4: 1 | M4: 0 | N4: 1 | O4: 33 | P4: 7 | Q4: 3 | R4: 1 | S4: 0 | T4: 105 | U4: 2859000 | V4: 390000 | W4: 1561000 | X4: 379000 | Y4: 418000 | Z4: 932000 | AA4: =SUM(U4:Z4) -> 6539000
A5: 20590 | B5: GTC: EATONTON PRIMARY - LICK CREEK 115KV LINE SWITCH REPLACEMENT | C5: 45809 | D5: GTC | E5: 9 | F5: 4 | G5: 6 | H5: 4 | I5: 1 | J5: 24 | K5: 4 | L5: 2 | M5: 1 | N5: 1 | O5: 8 | P5: 0.6 | Q5: 1 | R5: 3 | S5: 0 | T5: 91 | U5: 1251000 | V5: 691000 | W5: 565000 | X5: 208000 | Y5: 359000 | Z5: 1370000 | AA5: =SUM(U5:Z5) -> 4444000
A6: 11821 | B6: JESUP - LUDOWICI PRIMARY 115KV REBUILD | C6: 45809 | D6: GPC | E6: 13 | F6: 3 | G6: 5 | H6: 6 | I6: 3 | J6: 30 | K6: 6 | L6: 1 | M6: 2 | N6: 2 | O6: 45 | P6: 4.8 | Q6: 5 | R6: 1 | S6: 0 | T6: 126 | U6: 1966000 | V6: 1403000 | W6: 1716000 | X6: 442000 | Y6: 400000 | Z6: 784000 | AA6: =SUM(U6:Z6) -> 6711000
A7: 13787 | B7: MEAG: AULTMAN ROAD - BONAIRE PRIMARY 115 KV REBUILD | C7: 45809 | D7: MEAG | E7: 18 | F7: 5 | G7: 6 | H7: 7 | I7: 5 | J7: 41 | K7: 7 | L7: 2 | M7: 2 | N7: 2 | O7: 54 | P7: 12.5 | Q7: 1 | R7: 3 | S7: 0 | T7: 188 | U7: 5141000 | V7: 2389000 | W7: 2080000 | X7: 495000 | Y7: 354000 | Z7: 2047000 | AA7: =SUM(U7:Z7) -> 12506000
A8: 20464 | B8: NORCROSS 230KV BUS 1-3 SERIES BUS TIE BREAKER INSTALLATION | C8: 45809 | D8: GPC | E8: 14 | F8: 4 | G8: 6 | H8: 6 | I8: 3 | J8: 33 | K8: 5 | L8: 3 | M8: 1 | N8: 3 | O8: 7 | P8: 0.8 | Q8: 1 | R8: 1 | S8: 0 | T8: 146 | U8: 2607000 | V8: 1578000 | W8: 394000 | X8: 333000 | Y8: 541000 | Z8: 2351000 | AA8: =SUM(U8:Z8) -> 7804000
A9: 19631 | B9: PINE GROVE PRIMARY 115 KV DUAL STAGE CAPACITOR BANK | C9: 45809 | D9: GPC | E9: 8 | F9: 4 | G9: 5 | H9: 4 | I9: 1 | J9: 22 | K9: 3 | L9: 2 | M9: 1 | N9: 1 | O9: 4 | P9: 1.4 | Q9: 3 | R9: 3 | S9: 0 | T9: 113 | U9: 1315000 | V9: 783000 | W9: 1014000 | X9: 244000 | Y9: 216000 | Z9: 582000 | AA9: =SUM(U9:Z9) -> 4154000
A10: 20067 | B10: SAV: DEPTFORD - MAGNOLIA 115KV RECONDUCTOR | C10: 45809 | D10: SAV | E10: 18 | F10: 6 | G10: 5 | H10: 3 | I10: 5 | J10: 37 | K10: 7 | L10: 3 | M10: 1 | N10: 2 | O10: 51 | P10: 7.9 | Q10: 2 | R10: 5 | S10: 0 | T10: 148 | U10: 3488000 | V10: 1673000 | W10: 1917000 | X10: 273000 | Y10: 417000 | Z10: 2326000 | AA10: =SUM(U10:Z10) -> 10094000
A11: 21046 | B11: THALMANN AND COLERAIN 23O KV LINE RELAY PANEL UPGRADES | C11: 45809 | D11: GPC | E11: 14 | F11: 5 | G11: 7 | H11: 6 | I11: 4 | J11: 36 | K11: 6 | L11: 1 | M11: 2 | N11: 2 | O11: 11 | P11: 1.7 | Q11: 3 | R11: 4 | S11: 0 | T11: 139 | U11: 3107000 | V11: 1548000 | W11: 1166000 | X11: 482000 | Y11: 735000 | Z11: 1706000 | AA11: =SUM(U11:Z11) -> 8744000
A12: 18889 | B12: JEFFERSON STREET#3 - NORTHWEST (WHITE) 115 KV RECONDUCTOR | C12: 45992 | D12: GPC | E12: 15 | F12: 7 | G12: 5 | H12: 8 | I12: 3 | J12: 38 | K12: 6 | L12: 3 | M12: 1 | N12: 3 | O12: 36 | P12: 4.1 | Q12: 6 | R12: 2 | S12: 0 | T12: 184 | U12: 4524000 | V12: 2110000 | W12: 1887000 | X12: 355000 | Y12: 643000 | Z12: 1497000 | AA12: =SUM(U12:Z12) -> 11016000
A13: 20326 | B13: ANTHONY SHOALS STATCOM SYSTEM | C13: 46022 | D13: GPC | E13: 14 | F13: 4 | G13: 9 | H13: 4 | I13: 2 | J13: 33 | K13: 4 | L13: 2 | M13: 0 | N13: 1 | O13: 12 | P13: 1.9 | Q13: 6 | R13: 1 | S13: 0 | T13: 156 | U13: 3212000 | V13: 824000 | W13: 1462000 | X13: 233000 | Y13: 746000 | Z13: 1267000 | AA13: =SUM(U13:Z13) -> 7744000
... A121: 17993 | B121: EVANS PRIMARY - THOMSON PRIMARY 115KV REBUILD | C121: 49309 | D121: GPC | E121: 18 | F121: 6 | G121: 5 | H121: 5 | I121: 2 | J121: 36 | K121: 6 | L121: 1 | M121: 0 | N121: 2 | O121: 22 | P121: 8.9 | Q121: 1 | R121: 2 | S121: 0 | T121: 152 | U121: 3562000 | V121: 991000 | W121: 1469000 | X121: 328000 | Y121: 807000 | Z121: 2270000 | AA121: =SUM(U121:Z121) -> 9427000

Sheet Utility B Resources
A1: Project ID | B1: Project Name | C1: In-Service Date | D1: Status | E1: Located Point | F1: Latitude | G1: Longitude | H1: Center Latitude | I1: Center Longitude | J1: Lineworkers Needed | K1: Engineers Needed | L1: Technicians Needed | M1: Equipment Operators Needed | N1: Safety Personnel Needed | O1: Total Crew Needed | P1: Bucket Trucks Needed | Q1: Digger Derricks Needed | R1: Mobile Cranes Needed | S1: Excavators Needed | T1: Poles/Structures Needed | U1: Conductor Needed (mi) | V1: Transformers Needed | W1: Breakers/Switches Needed | X1: Reactors Needed | Y1: Estimated Duration (days) | Z1: Labor Cost ($) | AA1: Equipment/Machinery Cost ($) | AB1: Material Cost ($) | AC1: Logistics Cost ($) | AD1: Engineering/Admin Cost ($) | AE1: External Contract Cost ($) | AF1: Total Project Cost ($)
A2: 0139 M,N | B2: Okatie 230-115kV Substation, Jasper – Yemassee 230kV #1 Fold-in | C2: 45657 | D2: In Progress | E2: Yemassee Substation | F2: 32.697461 | G2: -80.863871 | H2: 32.697461 | I2: -80.863871 | J2: 33 | K2: 6 | L2: 6 | M2: 9 | N2: 3 | O2: 57 | P2: 10 | Q2: 2 | R2: 3 | S2: 3 | T2: 58 | U2: 10.1 | V2: 5 | W2: 3 | X2: 0 | Y2: 218 | Z2: 7046000 | AA2: 3885000 | AB2: 2557000 | AC2: 612000 | AD2: 1349000 | AE2: 4143000 | AF2: =SUM(Z2:AE2) -> 19592000
A3: 6341 A-F | B3: Cainhoy - Hamlin 115kV: Rebuild Line and Cainhoy – Hamlin 115 kV #2: Construct New 115 kV Line | C3: 45992 | D3: In Progress | E3: Cainhoy Substation | F3: 32.941402 | G3: -79.842276 | H3: 32.941402 | I3: -79.842276 | J3: 23 | K3: 7 | L3: 9 | M3: 7 | N3: 3 | O3: 49 | P3: 7 | Q3: 1 | R3: 3 | S3: 4 | T3: 47 | U3: 12.3 | V3: 7 | W3: 6 | X3: 0 | Y3: 236 | Z3: 7517000 | AA3: 3719000 | AB3: 3430000 | AC3: 572000 | AD3: 691000 | AE3: 2671000 | AF3: =SUM(Z3:AE3) -> 18600000
A4: 6808 N,O | B4: VCS1-Denny Terrace 230kV & VCS1-Pineland 230kV: Rebuild Single Circuit Sections | C4: 46387 | D4: In Progress | E4: Denny Terrace Substation | F4: 34.057606 | G4: -81.061519 | H4: 34.057606 | I4: -81.061519 | J4: 25 | K4: 4 | L4: 10 | M4: 8 | N4: 6 | O4: 53 | P4: 10 | Q4: 3 | R4: 0 | S4: 1 | T4: 43 | U4: 19.5 | V4: 8 | W4: 3 | X4: 0 | Y4: 169 | Z4: 5168000 | AA4: 1715000 | AB4: 4145000 | AC4: 640000 | AD4: 1198000 | AE4: 2507000 | AF4: =SUM(Z4:AE4) -> 15373000
A5: 6808 S | B5: Okatie-Bluffton 115kV: Rebuild | C5: 45809 | D5: In Progress | E5: Bluffton Substation | F5: 32.235027 | G5: -80.853384 | H5: 32.235027 | I5: -80.853384 | J5: 17 | K5: 6 | L5: 7 | M5: 5 | N5: 2 | O5: 37 | P5: 7 | Q5: 3 | R5: 1 | S5: 2 | T5: 60 | U5: 11.2 | V5: 6 | W5: 2 | X5: 0 | Y5: 173 | Z5: 3713000 | AA5: 1955000 | AB5: 2780000 | AC5: 262000 | AD5: 802000 | AE5: 2245000 | AF5: =SUM(Z5:AE5) -> 11757000
A6: 06076A | B6: Canadys-Ritter 115KV-Rebld SPDC 230/115KV 1272 (Approx 18 Miles) | C6: 46174 | D6: In Progress | E6: Canadys Substation | F6: 33.064149 | G6: -80.620687 | H6: 33.064149 | I6: -80.620687 | J6: 35 | K6: 9 | L6: 10 | M6: 8 | N6: 4 | O6: 66 | P6: 10 | Q6: 4 | R6: 3 | S6: 1 | T6: 110 | U6: 11.8 | V6: 5 | W6: 4 | X6: 0 | Y6: 277 | Z6: 11865000 | AA6: 4982000 | AB6: 3014000 | AC6: 969000 | AD6: 1090000 | AE6: 2925000 | AF6: =SUM(Z6:AE6) -> 24845000
A7: 6359 | B7: Yemassee– Ritter 230kV #1 & #2: Construct SPDC with B-1272 | C7: 46174 | D7: Planned | E7: Yemassee Substation | F7: 32.697461 | G7: -80.863871 | H7: 32.697461 | I7: -80.863871 | J7: 24 | K7: 4 | L7: 10 | M7: 10 | N7: 3 | O7: 51 | P7: 8 | Q7: 2 | R7: 3 | S7: 1 | T7: 96 | U7: 20.9 | V7: 8 | W7: 6 | X7: 0 | Y7: 220 | Z7: 6743000 | AA7: 3267000 | AB7: 4761000 | AC7: 631000 | AD7: 560000 | AE7: 1248000 | AF7: =SUM(Z7:AE7) -> 17210000
A8: 0147 C, K | B8: Cainhoy 115 kV Tap: Construct | C8: 46752 | D8: Planned | E8: Cainhoy Substation | F8: 32.941402 | G8: -79.842276 | H8: 32.941402 | I8: -79.842276 | J8: 21 | K8: 4 | L8: 5 | M8: 6 | N8: 5 | O8: 41 | P8: 6 | Q8: 1 | R8: 2 | S8: 1 | T8: 54 | U8: 11.1 | V8: 1 | W8: 4 | X8: 0 | Y8: 204 | Z8: 5311000 | AA8: 2104000 | AB8: 2014000 | AC8: 577000 | AD8: 805000 | AE8: 2211000 | AF8: =SUM(Z8:AE8) -> 13022000

Sheet Notes
A1: Workbook | B1: Gridlock Utility A + Utility B Synthetic Resource Data
A2: Utility A | B2: 120 projects from the Utility A source dataset. Resource quantities and costs are synthetic prototype estimates.
A3: Utility B | B3: 7 projects supplied for Utility B. Resource quantities and costs are synthetic prototype estimates.
A4: Cost Method | B4: Total Project Cost = Labor + Equipment/Machinery + Material + Logistics + Engineering/Admin + External Contract Cost.
A5: Important | B5: Project IDs/names/source fields are preserved; added resource and financial values are sample/demo data, not actual utility internal figures.

Sheet Collaboration Savings
A1: Overlap ID | B1: Utility A Project ID | C1: Utility A Project | D1: A In-Service Date | E1: Utility B Project ID | F1: Utility B Project | G1: B In-Service Date | H1: Distance (mi) | I1: Time Gap (days) | J1: Opportunity Type | K1: A Total Project Cost ($) | L1: B Total Project Cost ($) | M1: Baseline Separate Cost ($) | N1: A Equipment Cost ($) | O1: B Equipment Cost ($) | P1: A Logistics Cost ($) | Q1: B Logistics Cost ($) | R1: A Contract Cost ($) | S1: B Contract Cost ($) | T1: A Material Cost ($) | U1: B Material Cost ($) | V1: Shared Bucket Trucks | W1: Shared Digger Derricks | X1: Shared Cranes | Y1: Shared Excavators | Z1: Distance Factor | AA1: Time Factor | AB1: Equipment Savings ($) | AC1: Logistics Savings ($) | AD1: Contract Savings ($) | AE1: Bulk Material Savings ($) | AF1: Estimated Potential Savings ($) | AG1: Estimated Collaborative Cost ($) | AH1: Savings % | AI1: Recommendation
A2: OVL_1 | B2: 20509 | C2: CC - EMBLEM RIVERSIDE CUSTOMER SUB (FLEXENTIAL) | D2: 03/01/2027 | E2: 6808 S | F2: Okatie-Bluffton 115kV: Rebuild | G2: 06/01/2025 | H2: 17.64 | I2: 638 | J2: =IF(I2=0,"Concurrent collaboration",IF(I2<=365,"Near-term coordination",IF(I2<=730,"Resource planning",IF(I2<=1095,"Long-range planning","Low timing alignment")))) -> Resource planning | K2: =Gridlock_Utilities_Resource_and!AA38 -> 7578000 | L2: ='Utility B Resources'!AF5 -> 11757000 | M2: =K2+L2 -> 19335000 | N2: =Gridlock_Utilities_Resource_and!V38 -> 529000 | O2: ='Utility B Resources'!AA5 -> 1955000 | P2: =Gridlock_Utilities_Resource_and!X38 -> 464000 | Q2: ='Utility B Resources'!AC5 -> 262000 | R2: =Gridlock_Utilities_Resource_and!Z38 -> 2258000 | S2: ='Utility B Resources'!AE5 -> 2245000 | T2: =Gridlock_Utilities_Resource_and!W38 -> 1823000 | U2: ='Utility B Resources'!AB5 -> 2780000 | V2: =MIN(Gridlock_Utilities_Resource_and!K38,'Utility B Resources'!P5) -> 6 | W2: =MIN(Gridlock_Utilities_Resource_and!L38,'Utility B Resources'!Q5) -> 1 | X2: =MIN(Gridlock_Utilities_Resource_and!M38,'Utility B Resources'!R5) -> 0 | Y2: =MIN(Gridlock_Utilities_Resource_and!N38,'Utility B Resources'!S5) -> 1 | Z2: =IF(H2<=10,1,IF(H2<=20,0.8,IF(H2<=25,0.6,0))) -> 0.8 | AA2: =IF(I2=0,1,IF(I2<=365,0.75,IF(I2<=730,0.5,IF(I2<=1095,0.25,0.1)))) -> 0.5 | AB2: =MIN(N2,O2)*0.2*Z2*AA2 -> 42320 | AC2: =MIN(P2,Q2)*0.35*Z2*AA2 -> 36680 | AD2: =MIN(R2,S2)*0.12*Z2*AA2 -> 107760 | AE2: =MIN(T2,U2)*0.05*Z2*AA2 -> 36460 | AF2: =SUM(AB2:AE2) -> 223220 | AG2: =M2-AF2 -> 19111780 | AH2: =IF(M2=0,0,AF2/M2) -> 0.011544867 | AI2: =IF(I2=0,"Highest priority: coordinate schedule, staging, equipment and procurement",IF(I2<=365,"Strong candidate: align procurement, contractors and equipment mobilization",IF(I2<=730,"Plan shared vendors/equipment where schedules can be adjusted",IF(I2<=1095,"Use informed planning to avoid duplicate staging/procurement","Primarily use visibility to prevent future duplication")))) -> Plan shared vendors/equipment where schedules can be adjusted
A3: OVL_2 | B3: 20067 | C3: SAV: DEPTFORD - MAGNOLIA 115KV RECONDUCTOR | D3: 06/01/2025 | E3: 6808 S | F3: Okatie-Bluffton 115kV: Rebuild | G3: 06/01/2025 | H3: 18.15 | I3: 0 | J3: =IF(I3=0,"Concurrent collaboration",IF(I3<=365,"Near-term coordination",IF(I3<=730,"Resource planning",IF(I3<=1095,"Long-range planning","Low timing alignment")))) -> Concurrent collaboration | K3: =Gridlock_Utilities_Resource_and!AA10 -> 10094000 | L3: ='Utility B Resources'!AF5 -> 11757000 | M3: =K3+L3 -> 21851000 | N3: =Gridlock_Utilities_Resource_and!V10 -> 1673000 | O3: ='Utility B Resources'!AA5 -> 1955000 | P3: =Gridlock_Utilities_Resource_and!X10 -> 273000 | Q3: ='Utility B Resources'!AC5 -> 262000 | R3: =Gridlock_Utilities_Resource_and!Z10 -> 2326000 | S3: ='Utility B Resources'!AE5 -> 2245000 | T3: =Gridlock_Utilities_Resource_and!W10 -> 1917000 | U3: ='Utility B Resources'!AB5 -> 2780000 | V3: =MIN(Gridlock_Utilities_Resource_and!K10,'Utility B Resources'!P5) -> 7 | W3: =MIN(Gridlock_Utilities_Resource_and!L10,'Utility B Resources'!Q5) -> 3 | X3: =MIN(Gridlock_Utilities_Resource_and!M10,'Utility B Resources'!R5) -> 1 | Y3: =MIN(Gridlock_Utilities_Resource_and!N10,'Utility B Resources'!S5) -> 2 | Z3: =IF(H3<=10,1,IF(H3<=20,0.8,IF(H3<=25,0.6,0))) -> 0.8 | AA3: =IF(I3=0,1,IF(I3<=365,0.75,IF(I3<=730,0.5,IF(I3<=1095,0.25,0.1)))) -> 1 | AB3: =MIN(N3,O3)*0.2*Z3*AA3 -> 267680 | AC3: =MIN(P3,Q3)*0.35*Z3*AA3 -> 73360 | AD3: =MIN(R3,S3)*0.12*Z3*AA3 -> 215520 | AE3: =MIN(T3,U3)*0.05*Z3*AA3 -> 76680 | AF3: =SUM(AB3:AE3) -> 633240 | AG3: =M3-AF3 -> 21217760 | AH3: =IF(M3=0,0,AF3/M3) -> 0.028979909 | AI3: =IF(I3=0,"Highest priority: coordinate schedule, staging, equipment and procurement",IF(I3<=365,"Strong candidate: align procurement, contractors and equipment mobilization",IF(I3<=730,"Plan shared vendors/equipment where schedules can be adjusted",IF(I3<=1095,"Use informed planning to avoid duplicate staging/procurement","Primarily use visibility to prevent future duplication")))) -> Highest priority: coordinate schedule, staging, equipment and procurement
A4: OVL_3 | B4: 20066 | C4: SAV: BOULEVARD - DEPTFORD 115KV RECONDUCTOR | D4: 06/01/2026 | E4: 6808 S | F4: Okatie-Bluffton 115kV: Rebuild | G4: 06/01/2025 | H4: 18.94 | I4: 365 | J4: =IF(I4=0,"Concurrent collaboration",IF(I4<=365,"Near-term coordination",IF(I4<=730,"Resource planning",IF(I4<=1095,"Long-range planning","Low timing alignment")))) -> Near-term coordination | K4: =Gridlock_Utilities_Resource_and!AA30 -> 8053000 | L4: ='Utility B Resources'!AF5 -> 11757000 | M4: =K4+L4 -> 19810000 | N4: =Gridlock_Utilities_Resource_and!V30 -> 1077000 | O4: ='Utility B Resources'!AA5 -> 1955000 | P4: =Gridlock_Utilities_Resource_and!X30 -> 536000 | Q4: ='Utility B Resources'!AC5 -> 262000 | R4: =Gridlock_Utilities_Resource_and!Z30 -> 1300000 | S4: ='Utility B Resources'!AE5 -> 2245000 | T4: =Gridlock_Utilities_Resource_and!W30 -> 1548000 | U4: ='Utility B Resources'!AB5 -> 2780000 | V4: =MIN(Gridlock_Utilities_Resource_and!K30,'Utility B Resources'!P5) -> 3 | W4: =MIN(Gridlock_Utilities_Resource_and!L30,'Utility B Resources'!Q5) -> 2 | X4: =MIN(Gridlock_Utilities_Resource_and!M30,'Utility B Resources'!R5) -> 1 | Y4: =MIN(Gridlock_Utilities_Resource_and!N30,'Utility B Resources'!S5) -> 2 | Z4: =IF(H4<=10,1,IF(H4<=20,0.8,IF(H4<=25,0.6,0))) -> 0.8 | AA4: =IF(I4=0,1,IF(I4<=365,0.75,IF(I4<=730,0.5,IF(I4<=1095,0.25,0.1)))) -> 0.75 | AB4: =MIN(N4,O4)*0.2*Z4*AA4 -> 129240 | AC4: =MIN(P4,Q4)*0.35*Z4*AA4 -> 55020 | AD4: =MIN(R4,S4)*0.12*Z4*AA4 -> 93600 | AE4: =MIN(T4,U4)*0.05*Z4*AA4 -> 46440 | AF4: =SUM(AB4:AE4) -> 324300 | AG4: =M4-AF4 -> 19485700 | AH4: =IF(M4=0,0,AF4/M4) -> 0.01637052 | AI4: =IF(I4=0,"Highest priority: coordinate schedule, staging, equipment and procurement",IF(I4<=365,"Strong candidate: align procurement, contractors and equipment mobilization",IF(I4<=730,"Plan shared vendors/equipment where schedules can be adjusted",IF(I4<=1095,"Use informed planning to avoid duplicate staging/procurement","Primarily use visibility to prevent future duplication")))) -> Strong candidate: align procurement, contractors and equipment mobilization
A5: OVL_4 | B5: 20407 | C5: SAV: MAGNOLIA - TRUMAN PARKWAY 115KV REBUILD | D5: 06/01/2028 | E5: 6808 S | F5: Okatie-Bluffton 115kV: Rebuild | G5: 06/01/2025 | H5: 20.03 | I5: 1096 | J5: =IF(I5=0,"Concurrent collaboration",IF(I5<=365,"Near-term coordination",IF(I5<=730,"Resource planning",IF(I5<=1095,"Long-range planning","Low timing alignment")))) -> Low timing alignment | K5: =Gridlock_Utilities_Resource_and!AA62 -> 8390000 | L5: ='Utility B Resources'!AF5 -> 11757000 | M5: =K5+L5 -> 20147000 | N5: =Gridlock_Utilities_Resource_and!V62 -> 765000 | O5: ='Utility B Resources'!AA5 -> 1955000 | P5: =Gridlock_Utilities_Resource_and!X62 -> 471000 | Q5: ='Utility B Resources'!AC5 -> 262000 | R5: =Gridlock_Utilities_Resource_and!Z62 -> 2577000 | S5: ='Utility B Resources'!AE5 -> 2245000 | T5: =Gridlock_Utilities_Resource_and!W62 -> 1866000 | U5: ='Utility B Resources'!AB5 -> 2780000 | V5: =MIN(Gridlock_Utilities_Resource_and!K62,'Utility B Resources'!P5) -> 6 | W5: =MIN(Gridlock_Utilities_Resource_and!L62,'Utility B Resources'!Q5) -> 2 | X5: =MIN(Gridlock_Utilities_Resource_and!M62,'Utility B Resources'!R5) -> 0 | Y5: =MIN(Gridlock_Utilities_Resource_and!N62,'Utility B Resources'!S5) -> 2 | Z5: =IF(H5<=10,1,IF(H5<=20,0.8,IF(H5<=25,0.6,0))) -> 0.6 | AA5: =IF(I5=0,1,IF(I5<=365,0.75,IF(I5<=730,0.5,IF(I5<=1095,0.25,0.1)))) -> 0.1 | AB5: =MIN(N5,O5)*0.2*Z5*AA5 -> 9180 | AC5: =MIN(P5,Q5)*0.35*Z5*AA5 -> 5502 | AD5: =MIN(R5,S5)*0.12*Z5*AA5 -> 16164 | AE5: =MIN(T5,U5)*0.05*Z5*AA5 -> 5598 | AF5: =SUM(AB5:AE5) -> 36444 | AG5: =M5-AF5 -> 20110556 | AH5: =IF(M5=0,0,AF5/M5) -> 0.0018089046 | AI5: =IF(I5=0,"Highest priority: coordinate schedule, staging, equipment and procurement",IF(I5<=365,"Strong candidate: align procurement, contractors and equipment mobilization",IF(I5<=730,"Plan shared vendors/equipment where schedules can be adjusted",IF(I5<=1095,"Use informed planning to avoid duplicate staging/procurement","Primarily use visibility to prevent future duplication")))) -> Primarily use visibility to prevent future duplication
A6: OVL_5 | B6: 20277 | C6: SAV: MCINTOSH - PURRYSBURG 230KV REACTORS | D6: 06/01/2026 | E6: 6808 S | F6: Okatie-Bluffton 115kV: Rebuild | G6: 06/01/2025 | H6: 20.45 | I6: 365 | J6: =IF(I6=0,"Concurrent collaboration",IF(I6<=365,"Near-term coordination",IF(I6<=730,"Resource planning",IF(I6<=1095,"Long-range planning","Low timing alignment")))) -> Near-term coordination | K6: =Gridlock_Utilities_Resource_and!AA31 -> 14771000 | L6: ='Utility B Resources'!AF5 -> 11757000 | M6: =K6+L6 -> 26528000 | N6: =Gridlock_Utilities_Resource_and!V31 -> 2270000 | O6: ='Utility B Resources'!AA5 -> 1955000 | P6: =Gridlock_Utilities_Resource_and!X31 -> 582000 | Q6: ='Utility B Resources'!AC5 -> 262000 | R6: =Gridlock_Utilities_Resource_and!Z31 -> 1324000 | S6: ='Utility B Resources'!AE5 -> 2245000 | T6: =Gridlock_Utilities_Resource_and!W31 -> 2503000 | U6: ='Utility B Resources'!AB5 -> 2780000 | V6: =MIN(Gridlock_Utilities_Resource_and!K31,'Utility B Resources'!P5) -> 5 | W6: =MIN(Gridlock_Utilities_Resource_and!L31,'Utility B Resources'!Q5) -> 3 | X6: =MIN(Gridlock_Utilities_Resource_and!M31,'Utility B Resources'!R5) -> 1 | Y6: =MIN(Gridlock_Utilities_Resource_and!N31,'Utility B Resources'!S5) -> 2 | Z6: =IF(H6<=10,1,IF(H6<=20,0.8,IF(H6<=25,0.6,0))) -> 0.6 | AA6: =IF(I6=0,1,IF(I6<=365,0.75,IF(I6<=730,0.5,IF(I6<=1095,0.25,0.1)))) -> 0.75 | AB6: =MIN(N6,O6)*0.2*Z6*AA6 -> 175950 | AC6: =MIN(P6,Q6)*0.35*Z6*AA6 -> 41265 | AD6: =MIN(R6,S6)*0.12*Z6*AA6 -> 71496 | AE6: =MIN(T6,U6)*0.05*Z6*AA6 -> 56317.5 | AF6: =SUM(AB6:AE6) -> 345028.5 | AG6: =M6-AF6 -> 26182972 | AH6: =IF(M6=0,0,AF6/M6) -> 0.013006201 | AI6: =IF(I6=0,"Highest priority: coordinate schedule, staging, equipment and procurement",IF(I6<=365,"Strong candidate: align procurement, contractors and equipment mobilization",IF(I6<=730,"Plan shared vendors/equipment where schedules can be adjusted",IF(I6<=1095,"Use informed planning to avoid duplicate staging/procurement","Primarily use visibility to prevent future duplication")))) -> Strong candidate: align procurement, contractors and equipment mobilization
A7: OVL_6 | B7: 21006 | C7: SAV: BOULEVARD - MAGNOLIA 115 KV LINE REBUILD | D7: 06/01/2029 | E7: 6808 S | F7: Okatie-Bluffton 115kV: Rebuild | G7: 06/01/2025 | H7: 20.78 | I7: 1461 | J7: =IF(I7=0,"Concurrent collaboration",IF(I7<=365,"Near-term coordination",IF(I7<=730,"Resource planning",IF(I7<=1095,"Long-range planning","Low timing alignment")))) -> Low timing alignment | K7: =Gridlock_Utilities_Resource_and!AA77 -> 9266000 | L7: ='Utility B Resources'!AF5 -> 11757000 | M7: =K7+L7 -> 21023000 | N7: =Gridlock_Utilities_Resource_and!V77 -> 1629000 | O7: ='Utility B Resources'!AA5 -> 1955000 | P7: =Gridlock_Utilities_Resource_and!X77 -> 329000 | Q7: ='Utility B Resources'!AC5 -> 262000 | R7: =Gridlock_Utilities_Resource_and!Z77 -> 2400000 | S7: ='Utility B Resources'!AE5 -> 2245000 | T7: =Gridlock_Utilities_Resource_and!W77 -> 1256000 | U7: ='Utility B Resources'!AB5 -> 2780000 | V7: =MIN(Gridlock_Utilities_Resource_and!K77,'Utility B Resources'!P5) -> 7 | W7: =MIN(Gridlock_Utilities_Resource_and!L77,'Utility B Resources'!Q5) -> 1 | X7: =MIN(Gridlock_Utilities_Resource_and!M77,'Utility B Resources'!R5) -> 1 | Y7: =MIN(Gridlock_Utilities_Resource_and!N77,'Utility B Resources'!S5) -> 2 | Z7: =IF(H7<=10,1,IF(H7<=20,0.8,IF(H7<=25,0.6,0))) -> 0.6 | AA7: =IF(I7=0,1,IF(I7<=365,0.75,IF(I7<=730,0.5,IF(I7<=1095,0.25,0.1)))) -> 0.1 | AB7: =MIN(N7,O7)*0.2*Z7*AA7 -> 19548 | AC7: =MIN(P7,Q7)*0.35*Z7*AA7 -> 5502 | AD7: =MIN(R7,S7)*0.12*Z7*AA7 -> 16164 | AE7: =MIN(T7,U7)*0.05*Z7*AA7 -> 3768 | AF7: =SUM(AB7:AE7) -> 44982 | AG7: =M7-AF7 -> 20978018 | AH7: =IF(M7=0,0,AF7/M7) -> 0.0021396566 | AI7: =IF(I7=0,"Highest priority: coordinate schedule, staging, equipment and procurement",IF(I7<=365,"Strong candidate: align procurement, contractors and equipment mobilization",IF(I7<=730,"Plan shared vendors/equipment where schedules can be adjusted",IF(I7<=1095,"Use informed planning to avoid duplicate staging/procurement","Primarily use visibility to prevent future duplication")))) -> Primarily use visibility to prevent future duplication
A8: OVL_7 | B8: 20783 | C8: SAV: COLEMAN - DEAN FOREST 115KV LINE REBUILD | D8: 06/01/2028 | E8: 6808 S | F8: Okatie-Bluffton 115kV: Rebuild | G8: 06/01/2025 | H8: 22.86 | I8: 1096 | J8: =IF(I8=0,"Concurrent collaboration",IF(I8<=365,"Near-term coordination",IF(I8<=730,"Resource planning",IF(I8<=1095,"Long-range planning","Low timing alignment")))) -> Low timing alignment | K8: =Gridlock_Utilities_Resource_and!AA61 -> 7614000 | L8: ='Utility B Resources'!AF5 -> 11757000 | M8: =K8+L8 -> 19371000 | N8: =Gridlock_Utilities_Resource_and!V61 -> 1158000 | O8: ='Utility B Resources'!AA5 -> 1955000 | P8: =Gridlock_Utilities_Resource_and!X61 -> 423000 | Q8: ='Utility B Resources'!AC5 -> 262000 | R8: =Gridlock_Utilities_Resource_and!Z61 -> 1427000 | S8: ='Utility B Resources'!AE5 -> 2245000 | T8: =Gridlock_Utilities_Resource_and!W61 -> 1462000 | U8: ='Utility B Resources'!AB5 -> 2780000 | V8: =MIN(Gridlock_Utilities_Resource_and!K61,'Utility B Resources'!P5) -> 6 | W8: =MIN(Gridlock_Utilities_Resource_and!L61,'Utility B Resources'!Q5) -> 3 | X8: =MIN(Gridlock_Utilities_Resource_and!M61,'Utility B Resources'!R5) -> 1 | Y8: =MIN(Gridlock_Utilities_Resource_and!N61,'Utility B Resources'!S5) -> 1 | Z8: =IF(H8<=10,1,IF(H8<=20,0.8,IF(H8<=25,0.6,0))) -> 0.6 | AA8: =IF(I8=0,1,IF(I8<=365,0.75,IF(I8<=730,0.5,IF(I8<=1095,0.25,0.1)))) -> 0.1 | AB8: =MIN(N8,O8)*0.2*Z8*AA8 -> 13896 | AC8: =MIN(P8,Q8)*0.35*Z8*AA8 -> 5502 | AD8: =MIN(R8,S8)*0.12*Z8*AA8 -> 10274.4 | AE8: =MIN(T8,U8)*0.05*Z8*AA8 -> 4386 | AF8: =SUM(AB8:AE8) -> 34058.4 | AG8: =M8-AF8 -> 19336942 | AH8: =IF(M8=0,0,AF8/M8) -> 0.0017582159 | AI8: =IF(I8=0,"Highest priority: coordinate schedule, staging, equipment and procurement",IF(I8<=365,"Strong candidate: align procurement, contractors and equipment mobilization",IF(I8<=730,"Plan shared vendors/equipment where schedules can be adjusted",IF(I8<=1095,"Use informed planning to avoid duplicate staging/procurement","Primarily use visibility to prevent future duplication")))) -> Primarily use visibility to prevent future duplication
A11: Savings Model Assumptions | B11: Value
A12: Equipment sharing rate | B12: 20% of smaller equipment cost × distance factor × time factor
A13: Logistics/staging sharing rate | B13: 35% of smaller logistics cost × distance factor × time factor
A14: Contractor coordination rate | B14: 12% of smaller external contract cost × distance factor × time factor
A15: Bulk material/procurement rate | B15: 5% of smaller material cost × distance factor × time factor
A16: Distance factor | B16: ≤10 mi = 100%; ≤20 mi = 80%; ≤25 mi = 60%; >25 mi = 0%
A17: Time factor | B17: 0 days = 100%; ≤365 = 75%; ≤730 = 50%; ≤1095 = 25%; >1095 = 10%
A18: Important | B18: All savings are synthetic prototype estimates for demonstrating Gridlock's planning value; not actual utility savings commitments.
